"sim","dgp","scenario","tau","snr","K","method","TPR_mean","TPR_sd","PPV_mean","PPV_sd","F1_mean","F1_sd","AUC_mean","AUC_sd","mp_nsel_mean","mp_nsel_sd","cd_nsel_mean","cd_nsel_sd","cl_nsel_mean","cl_nsel_sd","mp_lambda_mean","mp_lambda_sd"
"tau","DGP2","S2",0.3,1,20,"PRIMED",0.977,0.073,0.608,0.126,0.74,0.093,0.754,0.022,11.74,2.58575374871228,12.68,2.36850077440717,12.4,2.59512887494071,0.03876494,0.0091575709514598
"tau","DGP2","S2",0.3,1,20,"CD GL",0.977,0.053,0.558,0.114,0.704,0.088,0.739,0.024,11.74,2.58575374871228,12.68,2.36850077440717,12.4,2.59512887494071,0.03876494,0.0091575709514598
"tau","DGP2","S2",0.3,1,20,"C LASSO",0.966,0.074,0.565,0.104,0.705,0.079,0.735,0.021,11.74,2.58575374871228,12.68,2.36850077440717,12.4,2.59512887494071,0.03876494,0.0091575709514598
