"sim","dgp","scenario","tau","snr","K","method","TPR_mean","TPR_sd","PPV_mean","PPV_sd","F1_mean","F1_sd","AUC_mean","AUC_sd","mp_nsel_mean","mp_nsel_sd","cd_nsel_mean","cd_nsel_sd","cl_nsel_mean","cl_nsel_sd","mp_lambda_mean","mp_lambda_sd"
"hdim","DGP2","S1",0.3,1,50,"PRIMED",0.949,0.107,0.538,0.166,0.665,0.12,0.746,0.029,13.62,4.56647052560558,14.78,4.59498395546931,15.16,5.81468935067884,0.04958996,0.0104219002516581
"hdim","DGP2","S1",0.3,1,50,"CD GL",0.917,0.112,0.478,0.156,0.609,0.113,0.72,0.033,13.62,4.56647052560558,14.78,4.59498395546931,15.16,5.81468935067884,0.04958996,0.0104219002516581
"hdim","DGP2","S1",0.3,1,50,"C LASSO",0.894,0.147,0.479,0.193,0.592,0.135,0.71,0.033,13.62,4.56647052560558,14.78,4.59498395546931,15.16,5.81468935067884,0.04958996,0.0104219002516581
