"sim","dgp","scenario","tau","snr","K","method","TPR_mean","TPR_sd","PPV_mean","PPV_sd","F1_mean","F1_sd","AUC_mean","AUC_sd","mp_nsel_mean","mp_nsel_sd","cd_nsel_mean","cd_nsel_sd","cl_nsel_mean","cl_nsel_sd","mp_lambda_mean","mp_lambda_sd"
"hdim","DGP2","S1",0.3,0.5,50,"PRIMED",0.871,0.148,0.518,0.169,0.623,0.115,0.684,0.035,13.22,5.02357706526059,11.88,7.50684041799374,13.94,5.38482372326265,0.05347552,0.0120935418424674
"hdim","DGP2","S1",0.3,0.5,50,"CD GL",0.686,0.294,0.5,0.273,0.497,0.186,0.643,0.052,13.22,5.02357706526059,11.88,7.50684041799374,13.94,5.38482372326265,0.05347552,0.0120935418424674
"hdim","DGP2","S1",0.3,0.5,50,"C LASSO",0.829,0.185,0.486,0.204,0.57,0.135,0.674,0.034,13.22,5.02357706526059,11.88,7.50684041799374,13.94,5.38482372326265,0.05347552,0.0120935418424674
