"sim","dgp","scenario","tau","snr","K","method","TPR_mean","TPR_sd","PPV_mean","PPV_sd","F1_mean","F1_sd","AUC_mean","AUC_sd","mp_nsel_mean","mp_nsel_sd","cd_nsel_mean","cd_nsel_sd","cl_nsel_mean","cl_nsel_sd","mp_lambda_mean","mp_lambda_sd"
"hdim","DGP1","S2",0.3,0.5,100,"PRIMED",0.654,0.315,0.422,0.254,0.435,0.18,0.636,0.057,13.86,10.606139923725,13.16,9.48545610664139,12.72,9.15187055709802,0.06964016,0.026075834470268
"hdim","DGP1","S2",0.3,0.5,100,"CD GL",0.589,0.294,0.359,0.224,0.398,0.187,0.615,0.056,13.86,10.606139923725,13.16,9.48545610664139,12.72,9.15187055709802,0.06964016,0.026075834470268
"hdim","DGP1","S2",0.3,0.5,100,"C LASSO",0.617,0.283,0.426,0.263,0.439,0.184,0.623,0.052,13.86,10.606139923725,13.16,9.48545610664139,12.72,9.15187055709802,0.06964016,0.026075834470268
