"sim","dgp","scenario","tau","snr","K","method","TPR_mean","TPR_sd","PPV_mean","PPV_sd","F1_mean","F1_sd","AUC_mean","AUC_sd","mp_nsel_mean","mp_nsel_sd","cd_nsel_mean","cd_nsel_sd","cl_nsel_mean","cl_nsel_sd","mp_lambda_mean","mp_lambda_sd"
"hdim","DGP2","S2",0.3,1,50,"PRIMED",0.951,0.106,0.533,0.156,0.663,0.113,0.744,0.028,13.64,4.26068883958394,14.82,4.58787221144742,15.04,5.49938772102154,0.05079964,0.0103736772685406
"hdim","DGP2","S2",0.3,1,50,"CD GL",0.917,0.116,0.473,0.149,0.607,0.115,0.721,0.032,13.64,4.26068883958394,14.82,4.58787221144742,15.04,5.49938772102154,0.05079964,0.0103736772685406
"hdim","DGP2","S2",0.3,1,50,"C LASSO",0.891,0.143,0.473,0.18,0.59,0.13,0.71,0.032,13.64,4.26068883958394,14.82,4.58787221144742,15.04,5.49938772102154,0.05079964,0.0103736772685406
