"sim","dgp","scenario","tau","snr","K","method","TPR_mean","TPR_sd","PPV_mean","PPV_sd","F1_mean","F1_sd","AUC_mean","AUC_sd","mp_nsel_mean","mp_nsel_sd","cd_nsel_mean","cd_nsel_sd","cl_nsel_mean","cl_nsel_sd","mp_lambda_mean","mp_lambda_sd"
"hdim","DGP2","S2",0.3,1,100,"PRIMED",0.926,0.116,0.461,0.17,0.591,0.127,0.728,0.029,16.02,6.13284899004483,17.72,10.9694194589006,16.82,9.60163676523063,0.05916912,0.012954811104791
"hdim","DGP2","S2",0.3,1,100,"CD GL",0.777,0.218,0.421,0.228,0.481,0.136,0.682,0.043,16.02,6.13284899004483,17.72,10.9694194589006,16.82,9.60163676523063,0.05916912,0.012954811104791
"hdim","DGP2","S2",0.3,1,100,"C LASSO",0.786,0.242,0.397,0.21,0.482,0.16,0.675,0.05,16.02,6.13284899004483,17.72,10.9694194589006,16.82,9.60163676523063,0.05916912,0.012954811104791
