"sim","dgp","scenario","tau","snr","K","method","TPR_mean","TPR_sd","PPV_mean","PPV_sd","F1_mean","F1_sd","AUC_mean","AUC_sd","mp_nsel_mean","mp_nsel_sd","cd_nsel_mean","cd_nsel_sd","cl_nsel_mean","cl_nsel_sd","mp_lambda_mean","mp_lambda_sd"
"tau","DGP1","S2",0.6,1,20,"PRIMED",0.969,0.083,0.577,0.126,0.712,0.091,0.752,0.025,12.34,2.94583760307208,13.42,2.65029840445431,10.42,3.55763048866483,0.04028374,0.0103371223758188
"tau","DGP1","S2",0.6,1,20,"CD GL",0.98,0.058,0.53,0.106,0.681,0.085,0.747,0.023,12.34,2.94583760307208,13.42,2.65029840445431,10.42,3.55763048866483,0.04028374,0.0103371223758188
"tau","DGP1","S2",0.6,1,20,"C LASSO",0.866,0.232,0.582,0.169,0.682,0.168,0.675,0.047,12.34,2.94583760307208,13.42,2.65029840445431,10.42,3.55763048866483,0.04028374,0.0103371223758188
