"sim","dgp","scenario","tau","snr","K","method","TPR_mean","TPR_sd","PPV_mean","PPV_sd","F1_mean","F1_sd","AUC_mean","AUC_sd","mp_nsel_mean","mp_nsel_sd","cd_nsel_mean","cd_nsel_sd","cl_nsel_mean","cl_nsel_sd","mp_lambda_mean","mp_lambda_sd"
"tau","DGP2","S1",0.3,0.5,20,"PRIMED",0.926,0.12,0.635,0.138,0.739,0.095,0.699,0.026,10.74,2.82705587103601,10.84,3.51881241562072,11.36,3.28111479313271,0.03950038,0.0103041032383478
"tau","DGP2","S1",0.3,0.5,20,"CD GL",0.889,0.164,0.623,0.171,0.704,0.111,0.679,0.028,10.74,2.82705587103601,10.84,3.51881241562072,11.36,3.28111479313271,0.03950038,0.0103041032383478
"tau","DGP2","S1",0.3,0.5,20,"C LASSO",0.914,0.158,0.579,0.151,0.699,0.136,0.692,0.036,10.74,2.82705587103601,10.84,3.51881241562072,11.36,3.28111479313271,0.03950038,0.0103041032383478
