"sim","dgp","scenario","tau","snr","K","method","TPR_mean","TPR_sd","PPV_mean","PPV_sd","F1_mean","F1_sd","AUC_mean","AUC_sd","mp_nsel_mean","mp_nsel_sd","cd_nsel_mean","cd_nsel_sd","cl_nsel_mean","cl_nsel_sd","mp_lambda_mean","mp_lambda_sd"
"hdim","DGP1","S1",0.3,1,100,"PRIMED",0.909,0.135,0.369,0.149,0.503,0.124,0.727,0.035,19.8,7.9153686726829,20.24,8.98424925599672,17.44,8.93550587857914,0.05146346,0.0124364855167596
"hdim","DGP1","S1",0.3,1,100,"CD GL",0.869,0.175,0.356,0.156,0.469,0.112,0.7,0.041,19.8,7.9153686726829,20.24,8.98424925599672,17.44,8.93550587857914,0.05146346,0.0124364855167596
"hdim","DGP1","S1",0.3,1,100,"C LASSO",0.826,0.215,0.41,0.212,0.501,0.158,0.689,0.053,19.8,7.9153686726829,20.24,8.98424925599672,17.44,8.93550587857914,0.05146346,0.0124364855167596
