"sim","dgp","scenario","tau","snr","K","method","TPR_mean","TPR_sd","PPV_mean","PPV_sd","F1_mean","F1_sd","AUC_mean","AUC_sd","mp_nsel_mean","mp_nsel_sd","cd_nsel_mean","cd_nsel_sd","cl_nsel_mean","cl_nsel_sd","mp_lambda_mean","mp_lambda_sd"
"hdim","DGP1","S2",0.3,1,50,"PRIMED",0.954,0.134,0.45,0.16,0.585,0.133,0.747,0.034,16.66,5.80151282170506,14.84,4.93368264988699,16,6.70972489475279,0.0444923,0.0125353081256953
"hdim","DGP1","S2",0.3,1,50,"CD GL",0.934,0.109,0.482,0.144,0.619,0.114,0.734,0.031,16.66,5.80151282170506,14.84,4.93368264988699,16,6.70972489475279,0.0444923,0.0125353081256953
"hdim","DGP1","S2",0.3,1,50,"C LASSO",0.886,0.225,0.444,0.196,0.546,0.143,0.717,0.047,16.66,5.80151282170506,14.84,4.93368264988699,16,6.70972489475279,0.0444923,0.0125353081256953
