"sim","dgp","scenario","tau","snr","K","method","TPR_mean","TPR_sd","PPV_mean","PPV_sd","F1_mean","F1_sd","AUC_mean","AUC_sd","mp_nsel_mean","mp_nsel_sd","cd_nsel_mean","cd_nsel_sd","cl_nsel_mean","cl_nsel_sd","mp_lambda_mean","mp_lambda_sd"
"tau","DGP2","S2",0.9,1,20,"PRIMED",0.786,0.233,0.658,0.184,0.665,0.145,0.662,0.033,9.4,4.27617987059879,7.96,4.68588849850358,8.42,4.38964458604985,0.09662212,0.0381128017068345
"tau","DGP2","S2",0.9,1,20,"CD GL",0.649,0.318,0.566,0.284,0.56,0.241,0.638,0.059,9.4,4.27617987059879,7.96,4.68588849850358,8.42,4.38964458604985,0.09662212,0.0381128017068345
"tau","DGP2","S2",0.9,1,20,"C LASSO",0.686,0.303,0.564,0.22,0.584,0.209,0.639,0.051,9.4,4.27617987059879,7.96,4.68588849850358,8.42,4.38964458604985,0.09662212,0.0381128017068345
