"sim","dgp","scenario","tau","snr","K","method","TPR_mean","TPR_sd","PPV_mean","PPV_sd","F1_mean","F1_sd","AUC_mean","AUC_sd","mp_nsel_mean","mp_nsel_sd","cd_nsel_mean","cd_nsel_sd","cl_nsel_mean","cl_nsel_sd","mp_lambda_mean","mp_lambda_sd"
"hdim","DGP1","S1",0.3,0.5,100,"PRIMED",0.646,0.319,0.418,0.256,0.43,0.181,0.636,0.057,13.74,10.442866914203,12.9,9.4615225076763,12.66,8.85854827559349,0.06967712,0.0260556845900217
"hdim","DGP1","S1",0.3,0.5,100,"CD GL",0.586,0.296,0.368,0.228,0.401,0.186,0.615,0.056,13.74,10.442866914203,12.9,9.4615225076763,12.66,8.85854827559349,0.06967712,0.0260556845900217
"hdim","DGP1","S1",0.3,0.5,100,"C LASSO",0.617,0.28,0.422,0.261,0.439,0.184,0.623,0.052,13.74,10.442866914203,12.9,9.4615225076763,12.66,8.85854827559349,0.06967712,0.0260556845900217
