"sim","dgp","scenario","tau","snr","K","method","TPR_mean","TPR_sd","PPV_mean","PPV_sd","F1_mean","F1_sd","AUC_mean","AUC_sd","mp_nsel_mean","mp_nsel_sd","cd_nsel_mean","cd_nsel_sd","cl_nsel_mean","cl_nsel_sd","mp_lambda_mean","mp_lambda_sd"
"tau","DGP1","S2",0.9,1,20,"PRIMED",0.963,0.081,0.565,0.153,0.7,0.11,0.733,0.023,12.64,2.93299317755631,13.06,2.79511235216484,6.1,5.11600130842,0.06108536,0.0171077769876624
"tau","DGP1","S2",0.9,1,20,"CD GL",0.966,0.089,0.54,0.117,0.683,0.091,0.726,0.023,12.64,2.93299317755631,13.06,2.79511235216484,6.1,5.11600130842,0.06108536,0.0171077769876624
"tau","DGP1","S2",0.9,1,20,"C LASSO",0.443,0.324,0.452,0.318,0.405,0.259,0.569,0.044,12.64,2.93299317755631,13.06,2.79511235216484,6.1,5.11600130842,0.06108536,0.0171077769876624
