"sim","dgp","scenario","tau","snr","K","method","TPR_mean","TPR_sd","PPV_mean","PPV_sd","F1_mean","F1_sd","AUC_mean","AUC_sd","mp_nsel_mean","mp_nsel_sd","cd_nsel_mean","cd_nsel_sd","cl_nsel_mean","cl_nsel_sd","mp_lambda_mean","mp_lambda_sd"
"hdim","DGP2","S2",0.3,0.5,50,"PRIMED",0.874,0.14,0.521,0.177,0.624,0.119,0.684,0.034,13.38,5.36766585535034,12.14,7.5539150546628,13.92,5.34843101158782,0.05379806,0.0127870846534737
"hdim","DGP2","S2",0.3,0.5,50,"CD GL",0.686,0.296,0.487,0.268,0.491,0.183,0.643,0.053,13.38,5.36766585535034,12.14,7.5539150546628,13.92,5.34843101158782,0.05379806,0.0127870846534737
"hdim","DGP2","S2",0.3,0.5,50,"C LASSO",0.834,0.194,0.49,0.204,0.572,0.133,0.675,0.034,13.38,5.36766585535034,12.14,7.5539150546628,13.92,5.34843101158782,0.05379806,0.0127870846534737
