"sim","dgp","scenario","tau","snr","K","method","TPR_mean","TPR_sd","PPV_mean","PPV_sd","F1_mean","F1_sd","AUC_mean","AUC_sd","mp_nsel_mean","mp_nsel_sd","cd_nsel_mean","cd_nsel_sd","cl_nsel_mean","cl_nsel_sd","mp_lambda_mean","mp_lambda_sd"
"hdim","DGP2","S1",0.3,1,100,"PRIMED",0.923,0.12,0.471,0.183,0.595,0.135,0.729,0.028,15.96,6.59610274545291,17.78,10.8087077518687,16.78,9.78188663410331,0.05835776,0.0135351256646383
"hdim","DGP2","S1",0.3,1,100,"CD GL",0.78,0.212,0.42,0.228,0.481,0.132,0.682,0.042,15.96,6.59610274545291,17.78,10.8087077518687,16.78,9.78188663410331,0.05835776,0.0135351256646383
"hdim","DGP2","S1",0.3,1,100,"C LASSO",0.78,0.242,0.394,0.209,0.479,0.159,0.676,0.05,15.96,6.59610274545291,17.78,10.8087077518687,16.78,9.78188663410331,0.05835776,0.0135351256646383
