"sim","dgp","scenario","tau","snr","K","method","TPR_mean","TPR_sd","PPV_mean","PPV_sd","F1_mean","F1_sd","AUC_mean","AUC_sd","mp_nsel_mean","mp_nsel_sd","cd_nsel_mean","cd_nsel_sd","cl_nsel_mean","cl_nsel_sd","mp_lambda_mean","mp_lambda_sd"
"tau","DGP1","S1",0.6,0.5,20,"PRIMED",0.874,0.146,0.624,0.168,0.704,0.103,0.682,0.029,10.62,3.54498783855604,10.7,3.0321407538273,9,4.60700442759917,0.04891186,0.0137364168990643
"tau","DGP1","S1",0.6,0.5,20,"CD GL",0.863,0.141,0.596,0.13,0.688,0.087,0.675,0.029,10.62,3.54498783855604,10.7,3.0321407538273,9,4.60700442759917,0.04891186,0.0137364168990643
"tau","DGP1","S1",0.6,0.5,20,"C LASSO",0.703,0.298,0.545,0.236,0.585,0.22,0.626,0.045,10.62,3.54498783855604,10.7,3.0321407538273,9,4.60700442759917,0.04891186,0.0137364168990643
