"sim","dgp","scenario","tau","snr","K","method","TPR_mean","TPR_sd","PPV_mean","PPV_sd","F1_mean","F1_sd","AUC_mean","AUC_sd","mp_nsel_mean","mp_nsel_sd","cd_nsel_mean","cd_nsel_sd","cl_nsel_mean","cl_nsel_sd","mp_lambda_mean","mp_lambda_sd"
"hdim","DGP1","S1",0.3,0.5,50,"PRIMED",0.871,0.198,0.474,0.168,0.579,0.129,0.677,0.036,14.5,5.68653978214147,12.56,6.55638028556761,15.34,6.69026096925484,0.05048398,0.0124348011012707
"hdim","DGP1","S1",0.3,0.5,50,"CD GL",0.78,0.249,0.501,0.203,0.564,0.15,0.654,0.039,14.5,5.68653978214147,12.56,6.55638028556761,15.34,6.69026096925484,0.05048398,0.0124348011012707
"hdim","DGP1","S1",0.3,0.5,50,"C LASSO",0.826,0.222,0.42,0.163,0.525,0.135,0.665,0.041,14.5,5.68653978214147,12.56,6.55638028556761,15.34,6.69026096925484,0.05048398,0.0124348011012707
