"sim","dgp","scenario","tau","snr","K","method","TPR_mean","TPR_sd","PPV_mean","PPV_sd","F1_mean","F1_sd","AUC_mean","AUC_sd","mp_nsel_mean","mp_nsel_sd","cd_nsel_mean","cd_nsel_sd","cl_nsel_mean","cl_nsel_sd","mp_lambda_mean","mp_lambda_sd"
"hdim","DGP1","S2",0.3,1,100,"PRIMED",0.909,0.135,0.366,0.153,0.5,0.129,0.726,0.035,20.12,8.19068659751889,19.62,8.70582727668247,17.66,8.7728942470195,0.05133692,0.0127823163351338
"hdim","DGP1","S2",0.3,1,100,"CD GL",0.866,0.177,0.364,0.154,0.477,0.11,0.699,0.042,20.12,8.19068659751889,19.62,8.70582727668247,17.66,8.7728942470195,0.05133692,0.0127823163351338
"hdim","DGP1","S2",0.3,1,100,"C LASSO",0.829,0.21,0.396,0.194,0.497,0.157,0.689,0.052,20.12,8.19068659751889,19.62,8.70582727668247,17.66,8.7728942470195,0.05133692,0.0127823163351338
