"sim","dgp","scenario","tau","snr","K","method","TPR_mean","TPR_sd","PPV_mean","PPV_sd","F1_mean","F1_sd","AUC_mean","AUC_sd","mp_nsel_mean","mp_nsel_sd","cd_nsel_mean","cd_nsel_sd","cl_nsel_mean","cl_nsel_sd","mp_lambda_mean","mp_lambda_sd"
"tau","DGP1","S2",0.3,0.5,20,"PRIMED",0.909,0.173,0.584,0.146,0.699,0.129,0.695,0.04,11.14,3.19444671201734,10.96,3.10995767410006,11.88,3.06154556139375,0.03861928,0.0135156883476883
"tau","DGP1","S2",0.3,0.5,20,"CD GL",0.891,0.128,0.608,0.16,0.705,0.098,0.683,0.029,11.14,3.19444671201734,10.96,3.10995767410006,11.88,3.06154556139375,0.03861928,0.0135156883476883
"tau","DGP1","S2",0.3,0.5,20,"C LASSO",0.914,0.112,0.571,0.141,0.688,0.096,0.688,0.024,11.14,3.19444671201734,10.96,3.10995767410006,11.88,3.06154556139375,0.03861928,0.0135156883476883
