"sim","dgp","scenario","tau","snr","K","method","TPR_mean","TPR_sd","PPV_mean","PPV_sd","F1_mean","F1_sd","AUC_mean","AUC_sd","mp_nsel_mean","mp_nsel_sd","cd_nsel_mean","cd_nsel_sd","cl_nsel_mean","cl_nsel_sd","mp_lambda_mean","mp_lambda_sd"
"tau","DGP1","S1",0.3,1,20,"PRIMED",0.989,0.049,0.592,0.14,0.73,0.101,0.764,0.024,12.3,2.68973862625182,12.6,2.68784110317525,12.78,2.4014451431399,0.03055922,0.00854766935483538
"tau","DGP1","S1",0.3,1,20,"CD GL",0.971,0.091,0.56,0.111,0.702,0.093,0.75,0.029,12.3,2.68973862625182,12.6,2.68784110317525,12.78,2.4014451431399,0.03055922,0.00854766935483538
"tau","DGP1","S1",0.3,1,20,"C LASSO",0.974,0.055,0.553,0.11,0.699,0.087,0.742,0.023,12.3,2.68973862625182,12.6,2.68784110317525,12.78,2.4014451431399,0.03055922,0.00854766935483538
