"sim","dgp","scenario","tau","snr","K","method","TPR_mean","TPR_sd","PPV_mean","PPV_sd","F1_mean","F1_sd","AUC_mean","AUC_sd","mp_nsel_mean","mp_nsel_sd","cd_nsel_mean","cd_nsel_sd","cl_nsel_mean","cl_nsel_sd","mp_lambda_mean","mp_lambda_sd"
"tau","DGP2","S1",0.3,1,20,"PRIMED",0.986,0.043,0.624,0.121,0.758,0.091,0.757,0.02,11.46,2.33176818254793,12.68,2.39421070458704,12.46,2.76427648577271,0.0367345,0.00816036377803073
"tau","DGP2","S1",0.3,1,20,"CD GL",0.977,0.06,0.56,0.12,0.705,0.094,0.74,0.025,11.46,2.33176818254793,12.68,2.39421070458704,12.46,2.76427648577271,0.0367345,0.00816036377803073
"tau","DGP2","S1",0.3,1,20,"C LASSO",0.966,0.074,0.566,0.118,0.705,0.088,0.734,0.022,11.46,2.33176818254793,12.68,2.39421070458704,12.46,2.76427648577271,0.0367345,0.00816036377803073
