"sim","dgp","scenario","tau","snr","K","method","TPR_mean","TPR_sd","PPV_mean","PPV_sd","F1_mean","F1_sd","AUC_mean","AUC_sd","mp_nsel_mean","mp_nsel_sd","cd_nsel_mean","cd_nsel_sd","cl_nsel_mean","cl_nsel_sd","mp_lambda_mean","mp_lambda_sd"
"tau","DGP1","S1",0.6,1,20,"PRIMED",0.969,0.072,0.581,0.13,0.714,0.086,0.753,0.026,12.3,2.97780908366798,13.22,2.69004210573222,10.5,3.92402334137725,0.04036616,0.0109923511502595
"tau","DGP1","S1",0.6,1,20,"CD GL",0.98,0.058,0.539,0.109,0.689,0.087,0.747,0.024,12.3,2.97780908366798,13.22,2.69004210573222,10.5,3.92402334137725,0.04036616,0.0109923511502595
"tau","DGP1","S1",0.6,1,20,"C LASSO",0.857,0.247,0.58,0.181,0.671,0.174,0.674,0.048,12.3,2.97780908366798,13.22,2.69004210573222,10.5,3.92402334137725,0.04036616,0.0109923511502595
