"sim","dgp","scenario","tau","snr","K","method","TPR_mean","TPR_sd","PPV_mean","PPV_sd","F1_mean","F1_sd","AUC_mean","AUC_sd","mp_nsel_mean","mp_nsel_sd","cd_nsel_mean","cd_nsel_sd","cl_nsel_mean","cl_nsel_sd","mp_lambda_mean","mp_lambda_sd"
"tau","DGP2","S1",0.6,0.5,20,"PRIMED",0.84,0.199,0.688,0.169,0.722,0.127,0.666,0.032,9.24,3.36585495704089,9.66,4.05880247745815,9.96,4.26164670673922,0.0593164,0.0172259380207255
"tau","DGP2","S1",0.6,0.5,20,"CD GL",0.789,0.235,0.629,0.171,0.655,0.124,0.653,0.028,9.24,3.36585495704089,9.66,4.05880247745815,9.96,4.26164670673922,0.0593164,0.0172259380207255
"tau","DGP2","S1",0.6,0.5,20,"C LASSO",0.814,0.274,0.577,0.208,0.649,0.202,0.663,0.048,9.24,3.36585495704089,9.66,4.05880247745815,9.96,4.26164670673922,0.0593164,0.0172259380207255
