"sim","dgp","scenario","tau","snr","K","method","TPR_mean","TPR_sd","PPV_mean","PPV_sd","F1_mean","F1_sd","AUC_mean","AUC_sd","mp_nsel_mean","mp_nsel_sd","cd_nsel_mean","cd_nsel_sd","cl_nsel_mean","cl_nsel_sd","mp_lambda_mean","mp_lambda_sd"
"hdim","DGP1","S1",0.3,1,50,"PRIMED",0.954,0.134,0.443,0.15,0.58,0.125,0.747,0.034,16.76,5.71628536440816,15.24,5.35117763121505,16.4,6.20401450017385,0.04417046,0.0123673881726358
"hdim","DGP1","S1",0.3,1,50,"CD GL",0.937,0.12,0.478,0.157,0.612,0.12,0.733,0.031,16.76,5.71628536440816,15.24,5.35117763121505,16.4,6.20401450017385,0.04417046,0.0123673881726358
"hdim","DGP1","S1",0.3,1,50,"C LASSO",0.906,0.188,0.448,0.184,0.556,0.12,0.72,0.036,16.76,5.71628536440816,15.24,5.35117763121505,16.4,6.20401450017385,0.04417046,0.0123673881726358
