"sim","dgp","scenario","tau","snr","K","method","TPR_mean","TPR_sd","PPV_mean","PPV_sd","F1_mean","F1_sd","AUC_mean","AUC_sd","mp_nsel_mean","mp_nsel_sd","cd_nsel_mean","cd_nsel_sd","cl_nsel_mean","cl_nsel_sd","mp_lambda_mean","mp_lambda_sd"
"tau","DGP2","S2",0.6,1,20,"PRIMED",0.943,0.1,0.645,0.135,0.753,0.091,0.719,0.024,10.74,2.73905987148727,10.62,4.1398511261806,10.98,3.6392979811934,0.05571964,0.0138976131980441
"tau","DGP2","S2",0.6,1,20,"CD GL",0.854,0.262,0.556,0.191,0.659,0.198,0.695,0.056,10.74,2.73905987148727,10.62,4.1398511261806,10.98,3.6392979811934,0.05571964,0.0138976131980441
"tau","DGP2","S2",0.6,1,20,"C LASSO",0.871,0.205,0.58,0.162,0.672,0.143,0.696,0.04,10.74,2.73905987148727,10.62,4.1398511261806,10.98,3.6392979811934,0.05571964,0.0138976131980441
