"sim","dgp","scenario","tau","snr","K","method","TPR_mean","TPR_sd","PPV_mean","PPV_sd","F1_mean","F1_sd","AUC_mean","AUC_sd","mp_nsel_mean","mp_nsel_sd","cd_nsel_mean","cd_nsel_sd","cl_nsel_mean","cl_nsel_sd","mp_lambda_mean","mp_lambda_sd"
"hdim","DGP2","S1",0.3,0.5,100,"PRIMED",0.7,0.28,0.476,0.23,0.495,0.168,0.647,0.046,13.08,8.52329341347844,10.66,8.43367883995533,13.78,9.20357073562833,0.06859048,0.022440464955931
"hdim","DGP2","S1",0.3,0.5,100,"CD GL",0.531,0.315,0.411,0.254,0.394,0.187,0.611,0.055,13.08,8.52329341347844,10.66,8.43367883995533,13.78,9.20357073562833,0.06859048,0.022440464955931
"hdim","DGP2","S1",0.3,0.5,100,"C LASSO",0.62,0.294,0.364,0.213,0.407,0.179,0.629,0.053,13.08,8.52329341347844,10.66,8.43367883995533,13.78,9.20357073562833,0.06859048,0.022440464955931
