"sim","dgp","scenario","tau","snr","K","method","TPR_mean","TPR_sd","PPV_mean","PPV_sd","F1_mean","F1_sd","AUC_mean","AUC_sd","mp_nsel_mean","mp_nsel_sd","cd_nsel_mean","cd_nsel_sd","cl_nsel_mean","cl_nsel_sd","mp_lambda_mean","mp_lambda_sd"
"tau","DGP1","S1",0.3,0.5,20,"PRIMED",0.909,0.175,0.59,0.151,0.703,0.13,0.695,0.04,11.06,3.24137788791201,11.08,2.94049836120425,11.88,3.22389041187121,0.03828716,0.0135118958025127
"tau","DGP1","S1",0.3,0.5,20,"CD GL",0.894,0.128,0.598,0.149,0.7,0.09,0.684,0.029,11.06,3.24137788791201,11.08,2.94049836120425,11.88,3.22389041187121,0.03828716,0.0135118958025127
"tau","DGP1","S1",0.3,0.5,20,"C LASSO",0.909,0.115,0.571,0.147,0.685,0.099,0.688,0.025,11.06,3.24137788791201,11.08,2.94049836120425,11.88,3.22389041187121,0.03828716,0.0135118958025127
