"sim","dgp","scenario","tau","snr","K","method","TPR_mean","TPR_sd","PPV_mean","PPV_sd","F1_mean","F1_sd","AUC_mean","AUC_sd","mp_nsel_mean","mp_nsel_sd","cd_nsel_mean","cd_nsel_sd","cl_nsel_mean","cl_nsel_sd","mp_lambda_mean","mp_lambda_sd"
"tau","DGP1","S1",0.9,1,20,"PRIMED",0.966,0.079,0.578,0.156,0.711,0.116,0.735,0.022,12.42,2.96296872637384,12.94,2.81693131631148,6.04,4.92788815139437,0.0612313,0.0157373573958947
"tau","DGP1","S1",0.9,1,20,"CD GL",0.963,0.09,0.544,0.119,0.685,0.092,0.727,0.023,12.42,2.96296872637384,12.94,2.81693131631148,6.04,4.92788815139437,0.0612313,0.0157373573958947
"tau","DGP1","S1",0.9,1,20,"C LASSO",0.451,0.319,0.476,0.314,0.42,0.256,0.57,0.043,12.42,2.96296872637384,12.94,2.81693131631148,6.04,4.92788815139437,0.0612313,0.0157373573958947
