"sim","dgp","scenario","tau","snr","K","method","TPR_mean","TPR_sd","PPV_mean","PPV_sd","F1_mean","F1_sd","AUC_mean","AUC_sd","mp_nsel_mean","mp_nsel_sd","cd_nsel_mean","cd_nsel_sd","cl_nsel_mean","cl_nsel_sd","mp_lambda_mean","mp_lambda_sd"
"hdim","DGP1","S2",0.3,0.5,50,"PRIMED",0.871,0.198,0.471,0.167,0.576,0.127,0.678,0.036,14.6,5.70713838726805,12.46,6.84287205485998,15.68,6.80767873771364,0.0503682,0.0123534334465511
"hdim","DGP1","S2",0.3,0.5,50,"CD GL",0.774,0.263,0.494,0.222,0.559,0.173,0.65,0.045,14.6,5.70713838726805,12.46,6.84287205485998,15.68,6.80767873771364,0.0503682,0.0123534334465511
"hdim","DGP1","S2",0.3,0.5,50,"C LASSO",0.823,0.221,0.411,0.163,0.516,0.133,0.665,0.041,14.6,5.70713838726805,12.46,6.84287205485998,15.68,6.80767873771364,0.0503682,0.0123534334465511
