"sim","dgp","scenario","tau","snr","K","method","TPR_mean","TPR_sd","PPV_mean","PPV_sd","F1_mean","F1_sd","AUC_mean","AUC_sd","mp_nsel_mean","mp_nsel_sd","cd_nsel_mean","cd_nsel_sd","cl_nsel_mean","cl_nsel_sd","mp_lambda_mean","mp_lambda_sd"
"tau","DGP2","S2",0.9,0.5,20,"PRIMED",0.649,0.289,0.65,0.225,0.588,0.191,0.613,0.038,7.6,4.27617987059879,7.06,4.55089136817151,7.2,4.43087497693452,0.10362558,0.0369050307461059
"tau","DGP2","S2",0.9,0.5,20,"CD GL",0.6,0.316,0.601,0.271,0.55,0.225,0.604,0.044,7.6,4.27617987059879,7.06,4.55089136817151,7.2,4.43087497693452,0.10362558,0.0369050307461059
"tau","DGP2","S2",0.9,0.5,20,"C LASSO",0.623,0.338,0.582,0.275,0.558,0.254,0.613,0.049,7.6,4.27617987059879,7.06,4.55089136817151,7.2,4.43087497693452,0.10362558,0.0369050307461059
