"sim","dgp","scenario","tau","snr","K","method","TPR_mean","TPR_sd","PPV_mean","PPV_sd","F1_mean","F1_sd","AUC_mean","AUC_sd","mp_nsel_mean","mp_nsel_sd","cd_nsel_mean","cd_nsel_sd","cl_nsel_mean","cl_nsel_sd","mp_lambda_mean","mp_lambda_sd"
"tau","DGP1","S2",0.6,0.5,20,"PRIMED",0.86,0.19,0.592,0.172,0.679,0.136,0.678,0.038,10.72,3.80676090284491,11.06,3.11290926331505,8.8,4.54456392016768,0.05047176,0.0184006755716263
"tau","DGP1","S2",0.6,0.5,20,"CD GL",0.874,0.128,0.591,0.153,0.686,0.088,0.675,0.029,10.72,3.80676090284491,11.06,3.11290926331505,8.8,4.54456392016768,0.05047176,0.0184006755716263
"tau","DGP1","S2",0.6,0.5,20,"C LASSO",0.694,0.311,0.537,0.248,0.579,0.234,0.623,0.048,10.72,3.80676090284491,11.06,3.11290926331505,8.8,4.54456392016768,0.05047176,0.0184006755716263
