"sim","dgp","scenario","tau","snr","K","method","TPR_mean","TPR_sd","PPV_mean","PPV_sd","F1_mean","F1_sd","AUC_mean","AUC_sd","mp_nsel_mean","mp_nsel_sd","cd_nsel_mean","cd_nsel_sd","cl_nsel_mean","cl_nsel_sd","mp_lambda_mean","mp_lambda_sd"
"hdim","DGP2","S2",0.3,0.5,100,"PRIMED",0.694,0.283,0.47,0.225,0.485,0.165,0.647,0.045,13.46,9.23880458739558,10.42,8.62149662655114,14.18,9.47540317380334,0.06912276,0.0236090460616524
"hdim","DGP2","S2",0.3,0.5,100,"CD GL",0.514,0.319,0.402,0.261,0.383,0.195,0.609,0.057,13.46,9.23880458739558,10.42,8.62149662655114,14.18,9.47540317380334,0.06912276,0.0236090460616524
"hdim","DGP2","S2",0.3,0.5,100,"C LASSO",0.626,0.298,0.359,0.214,0.403,0.179,0.629,0.053,13.46,9.23880458739558,10.42,8.62149662655114,14.18,9.47540317380334,0.06912276,0.0236090460616524
