"sim","dgp","scenario","tau","snr","K","method","TPR_mean","TPR_sd","PPV_mean","PPV_sd","F1_mean","F1_sd","AUC_mean","AUC_sd","mp_nsel_mean","mp_nsel_sd","cd_nsel_mean","cd_nsel_sd","cl_nsel_mean","cl_nsel_sd","mp_lambda_mean","mp_lambda_sd"
"tau","DGP2","S1",0.6,1,20,"PRIMED",0.954,0.079,0.652,0.146,0.763,0.098,0.724,0.02,10.8,2.7404751561787,10.98,3.62806520653325,11.18,3.61792589132255,0.05177386,0.0126954755125676
"tau","DGP2","S1",0.6,1,20,"CD GL",0.883,0.213,0.566,0.171,0.678,0.165,0.7,0.048,10.8,2.7404751561787,10.98,3.62806520653325,11.18,3.61792589132255,0.05177386,0.0126954755125676
"tau","DGP2","S1",0.6,1,20,"C LASSO",0.877,0.202,0.575,0.17,0.67,0.146,0.696,0.04,10.8,2.7404751561787,10.98,3.62806520653325,11.18,3.61792589132255,0.05177386,0.0126954755125676
