"sim","dgp","scenario","tau","snr","K","method","TPR_mean","TPR_sd","PPV_mean","PPV_sd","F1_mean","F1_sd","AUC_mean","AUC_sd","mp_nsel_mean","mp_nsel_sd","cd_nsel_mean","cd_nsel_sd","cl_nsel_mean","cl_nsel_sd","mp_lambda_mean","mp_lambda_sd"
"tau","DGP1","S2",0.3,1,20,"PRIMED",0.983,0.069,0.58,0.146,0.717,0.1,0.763,0.025,12.52,2.73480962289323,12.62,2.6641229364292,12.62,2.27578199163922,0.03102418,0.00885415901741742
"tau","DGP1","S2",0.3,1,20,"CD GL",0.971,0.091,0.559,0.11,0.701,0.09,0.75,0.028,12.52,2.73480962289323,12.62,2.6641229364292,12.62,2.27578199163922,0.03102418,0.00885415901741742
"tau","DGP1","S2",0.3,1,20,"C LASSO",0.974,0.063,0.558,0.11,0.703,0.087,0.742,0.023,12.52,2.73480962289323,12.62,2.6641229364292,12.62,2.27578199163922,0.03102418,0.00885415901741742
