"sim","dgp","scenario","tau","snr","K","method","TPR_mean","TPR_sd","PPV_mean","PPV_sd","F1_mean","F1_sd","AUC_mean","AUC_sd","mp_nsel_mean","mp_nsel_sd","cd_nsel_mean","cd_nsel_sd","cl_nsel_mean","cl_nsel_sd","mp_lambda_mean","mp_lambda_sd"
"tau","DGP2","S2",0.3,0.5,20,"PRIMED",0.923,0.123,0.617,0.131,0.727,0.098,0.698,0.026,10.96,2.77716637262237,10.52,3.58705154346996,11.4,3.23248814256707,0.04043514,0.0108305571662321
"tau","DGP2","S2",0.3,0.5,20,"CD GL",0.874,0.177,0.635,0.18,0.704,0.114,0.677,0.029,10.96,2.77716637262237,10.52,3.58705154346996,11.4,3.23248814256707,0.04043514,0.0108305571662321
"tau","DGP2","S2",0.3,0.5,20,"C LASSO",0.914,0.158,0.576,0.151,0.697,0.136,0.693,0.036,10.96,2.77716637262237,10.52,3.58705154346996,11.4,3.23248814256707,0.04043514,0.0108305571662321
