"sim","dgp","scenario","tau","snr","K","method","TPR_mean","TPR_sd","PPV_mean","PPV_sd","F1_mean","F1_sd","AUC_mean","AUC_sd","mp_nsel_mean","mp_nsel_sd","cd_nsel_mean","cd_nsel_sd","cl_nsel_mean","cl_nsel_sd","mp_lambda_mean","mp_lambda_sd"
"tau","DGP1","S2",0.9,0.5,20,"PRIMED",0.8,0.274,0.562,0.22,0.628,0.195,0.652,0.052,10.26,4.56164130862691,10.66,3.99800970892431,3.9,4.43202630213959,0.08146356,0.0403595454542273
"tau","DGP1","S2",0.9,0.5,20,"CD GL",0.849,0.219,0.573,0.194,0.668,0.176,0.653,0.045,10.26,4.56164130862691,10.66,3.99800970892431,3.9,4.43202630213959,0.08146356,0.0403595454542273
"tau","DGP1","S2",0.9,0.5,20,"C LASSO",0.286,0.304,0.353,0.333,0.286,0.268,0.537,0.036,10.26,4.56164130862691,10.66,3.99800970892431,3.9,4.43202630213959,0.08146356,0.0403595454542273
