"sim","dgp","scenario","tau","snr","K","method","TPR_mean","TPR_sd","PPV_mean","PPV_sd","F1_mean","F1_sd","AUC_mean","AUC_sd","mp_nsel_mean","mp_nsel_sd","cd_nsel_mean","cd_nsel_sd","cl_nsel_mean","cl_nsel_sd","mp_lambda_mean","mp_lambda_sd"
"tau","DGP2","S1",0.9,0.5,20,"PRIMED",0.669,0.271,0.68,0.195,0.62,0.173,0.614,0.037,7.5,4.01654740557416,7.24,4.76192380948571,7.36,4.43437407864828,0.10029556,0.0304235137736104
"tau","DGP2","S1",0.9,0.5,20,"CD GL",0.586,0.318,0.581,0.27,0.527,0.219,0.605,0.045,7.5,4.01654740557416,7.24,4.76192380948571,7.36,4.43437407864828,0.10029556,0.0304235137736104
"tau","DGP2","S1",0.9,0.5,20,"C LASSO",0.626,0.352,0.547,0.269,0.546,0.267,0.611,0.052,7.5,4.01654740557416,7.24,4.76192380948571,7.36,4.43437407864828,0.10029556,0.0304235137736104
