"sim","dgp","scenario","tau","snr","K","method","TPR_mean","TPR_sd","PPV_mean","PPV_sd","F1_mean","F1_sd","AUC_mean","AUC_sd","mp_nsel_mean","mp_nsel_sd","cd_nsel_mean","cd_nsel_sd","cl_nsel_mean","cl_nsel_sd","mp_lambda_mean","mp_lambda_sd"
"tau","DGP2","S1",0.9,1,20,"PRIMED",0.814,0.209,0.674,0.192,0.694,0.123,0.669,0.028,9.48,4.05694164490988,8.12,4.71921819882947,8.7,4.27259897963948,0.08992356,0.032818884592321
"tau","DGP2","S1",0.9,1,20,"CD GL",0.663,0.326,0.557,0.264,0.563,0.241,0.639,0.059,9.48,4.05694164490988,8.12,4.71921819882947,8.7,4.27259897963948,0.08992356,0.032818884592321
"tau","DGP2","S1",0.9,1,20,"C LASSO",0.694,0.299,0.552,0.221,0.581,0.209,0.638,0.05,9.48,4.05694164490988,8.12,4.71921819882947,8.7,4.27259897963948,0.08992356,0.032818884592321
