"sim","dgp","scenario","tau","snr","K","method","TPR_mean","TPR_sd","PPV_mean","PPV_sd","F1_mean","F1_sd","AUC_mean","AUC_sd","mp_nsel_mean","mp_nsel_sd","cd_nsel_mean","cd_nsel_sd","cl_nsel_mean","cl_nsel_sd","mp_lambda_mean","mp_lambda_sd"
"tau","DGP1","S1",0.9,0.5,20,"PRIMED",0.806,0.272,0.564,0.219,0.631,0.194,0.653,0.052,10.3,4.55465673340853,10.62,3.96355849185645,3.9,4.48694250701126,0.08102348,0.0403959510853678
"tau","DGP1","S1",0.9,0.5,20,"CD GL",0.851,0.222,0.575,0.192,0.67,0.176,0.653,0.045,10.3,4.55465673340853,10.62,3.96355849185645,3.9,4.48694250701126,0.08102348,0.0403959510853678
"tau","DGP1","S1",0.9,0.5,20,"C LASSO",0.286,0.305,0.34,0.332,0.285,0.273,0.536,0.036,10.3,4.55465673340853,10.62,3.96355849185645,3.9,4.48694250701126,0.08102348,0.0403959510853678
