"sim","dgp","scenario","tau","snr","K","method","TPR_mean","TPR_sd","PPV_mean","PPV_sd","F1_mean","F1_sd","AUC_mean","AUC_sd","mp_nsel_mean","mp_nsel_sd","cd_nsel_mean","cd_nsel_sd","cl_nsel_mean","cl_nsel_sd","mp_lambda_mean","mp_lambda_sd"
"tau","DGP2","S2",0.6,0.5,20,"PRIMED",0.82,0.232,0.674,0.18,0.692,0.136,0.663,0.033,9.38,3.71917260932579,9.74,4.41615771679317,10.18,3.9211097970876,0.0601295,0.0204199725041791
"tau","DGP2","S2",0.6,0.5,20,"CD GL",0.78,0.27,0.591,0.202,0.632,0.172,0.647,0.042,9.38,3.71917260932579,9.74,4.41615771679317,10.18,3.9211097970876,0.0601295,0.0204199725041791
"tau","DGP2","S2",0.6,0.5,20,"C LASSO",0.84,0.246,0.592,0.189,0.669,0.179,0.667,0.042,9.38,3.71917260932579,9.74,4.41615771679317,10.18,3.9211097970876,0.0601295,0.0204199725041791
